Fund Name,P1,P2,P3,P4,P5,TOPSIS Score,Ranks
M1,0.94,0.88,4.5,60.9,16.81,0.7071492998445091,1
M2,0.79,0.62,3.9,32.2,9.38,0.267472326921888,8
M3,0.69,0.48,3.9,66.2,17.82,0.5236910043652869,3
M4,0.88,0.77,6.7,33.6,10.49,0.5092782862485355,4
M5,0.92,0.85,4.0,36.3,10.52,0.4441897800028172,6
M6,0.85,0.72,5.4,42.2,12.29,0.5002409804125695,5
M7,0.91,0.83,3.8,53.7,14.81,0.5770540311791177,2
M8,0.6,0.36,4.7,50.2,13.97,0.341674073942587,7
